--用户信息start
Insert into WATER.AUTH_ACCOUNT (ID,ACCOUNTFROM,ACCOUNTSTATUS,ACCOUNTTYPE,ALIASNAME,CREATEDATE,CREATER,LASTLOGINDATE,LOGINCODE,LOGINCOUNT,LOGINPASSWD,UPDATEDATE,UPDATER,USERNAME) values ('4ECE51B0F12E11E2BF63E4517F000001','water',1,0,null,to_timestamp('20-JUL-13 07.19.56.595000000 PM','DD-MON-RR HH.MI.SS.FF AM'),null,to_timestamp('21-JUL-13 12.38.08.099000000 AM','DD-MON-RR HH.MI.SS.FF AM'),'admin0',7,'9e5c7df5af04994231340a7d32012f68',null,null,null);
Insert into WATER.AUTH_ACCOUNT (ID,ACCOUNTFROM,ACCOUNTSTATUS,ACCOUNTTYPE,ALIASNAME,CREATEDATE,CREATER,LASTLOGINDATE,LOGINCODE,LOGINCOUNT,LOGINPASSWD,UPDATEDATE,UPDATER,USERNAME) values ('4EE38760F12E11E2BF63E4517F000001','water',1,0,null,to_timestamp('20-JUL-13 07.19.56.880000000 PM','DD-MON-RR HH.MI.SS.FF AM'),null,to_timestamp('20-JUL-13 10.18.02.940000000 PM','DD-MON-RR HH.MI.SS.FF AM'),'admin1',8,'3554313b7e5db8a81259680875c11898',null,null,null);
Insert into WATER.AUTH_ACCOUNT (ID,ACCOUNTFROM,ACCOUNTSTATUS,ACCOUNTTYPE,ALIASNAME,CREATEDATE,CREATER,LASTLOGINDATE,LOGINCODE,LOGINCOUNT,LOGINPASSWD,UPDATEDATE,UPDATER,USERNAME) values ('4EE66D90F12E11E2BF63E4517F000001','water',1,0,null,to_timestamp('20-JUL-13 07.19.56.902000000 PM','DD-MON-RR HH.MI.SS.FF AM'),null,to_timestamp('21-JUL-13 12.38.08.099000000 AM','DD-MON-RR HH.MI.SS.FF AM'),'admin2',15,'6170769e68f633a956a13eaa1eeac35f',null,null,null);
Insert into WATER.AUTH_ACCOUNT (ID,ACCOUNTFROM,ACCOUNTSTATUS,ACCOUNTTYPE,ALIASNAME,CREATEDATE,CREATER,LASTLOGINDATE,LOGINCODE,LOGINCOUNT,LOGINPASSWD,UPDATEDATE,UPDATER,USERNAME) values ('4EE81B40F12E11E2BF63E4517F000001','water',1,0,null,to_timestamp('20-JUL-13 07.19.56.913000000 PM','DD-MON-RR HH.MI.SS.FF AM'),null,to_timestamp('21-JUL-13 12.38.08.099000000 AM','DD-MON-RR HH.MI.SS.FF AM'),'admin3',15,'8137b2b7d5cf2185c508717b35a1006d',null,null,null);
--Insert into WATER.AUTH_ACCOUNT (ID,ACCOUNTFROM,ACCOUNTSTATUS,ACCOUNTTYPE,ALIASNAME,CREATEDATE,CREATER,LASTLOGINDATE,LOGINCODE,LOGINCOUNT,LOGINPASSWD,UPDATEDATE,UPDATER,USERNAME) values ('4EE9C8F0F12E11E2BF63E4517F000001','water',1,0,null,to_timestamp('20-JUL-13 07.19.56.925000000 PM','DD-MON-RR HH.MI.SS.FF AM'),null,to_timestamp('21-JUL-13 12.38.08.099000000 AM','DD-MON-RR HH.MI.SS.FF AM'),'admin4',15,'4d8450e332b991c025ca5cf52192c349',null,null,null);
Insert into WATER.AUTH_ACCOUNT (ID,ACCOUNTFROM,ACCOUNTSTATUS,ACCOUNTTYPE,ALIASNAME,CREATEDATE,CREATER,LASTLOGINDATE,LOGINCODE,LOGINCOUNT,LOGINPASSWD,UPDATEDATE,UPDATER,USERNAME) values ('4EE9C8F0F12E11E2BF63E4517F000001','water',1,0,null,to_timestamp('20-JUL-13 07.51.24.341000000 PM','DD-MON-RR HH.MI.SS.FF AM'),null,to_timestamp('21-JUL-13 12.38.08.099000000 AM','DD-MON-RR HH.MI.SS.FF AM'),'admin',15,'passwd',null,null,null);
Insert into WATER.AUTH_ACCOUNT_WEB (ID) values ('4EE9C8F0F12E11E2BF63E4517F000001');

Insert into WATER.AUTH_ACCOUNT_ADMIN (ID,EMAIL,MOBILE,TELEPHONE) values ('4ECE51B0F12E11E2BF63E4517F000001','360898142@qq.com',null,null);
Insert into WATER.AUTH_ACCOUNT_ADMIN (ID,EMAIL,MOBILE,TELEPHONE) values ('4EE38760F12E11E2BF63E4517F000001','360898142@qq.com',null,null);
Insert into WATER.AUTH_ACCOUNT_ADMIN (ID,EMAIL,MOBILE,TELEPHONE) values ('4EE66D90F12E11E2BF63E4517F000001','360898142@qq.com',null,null);
Insert into WATER.AUTH_ACCOUNT_ADMIN (ID,EMAIL,MOBILE,TELEPHONE) values ('4EE81B40F12E11E2BF63E4517F000001','360898142@qq.com',null,null);
Insert into WATER.AUTH_ACCOUNT_ADMIN (ID,EMAIL,MOBILE,TELEPHONE) values ('4EE9C8F0F12E11E2BF63E4517F000001','360898142@qq.com',null,null);
--用户信息end

--菜单start
Insert into WATER.WATER_CATEGORY (ID,ABBREVIATION,CATEGORYTYPE,CODE,IMGSRC,NAME,PARENTID,STATUS,URL) values ('4ECE78C0F12E11E2BF63E4517F000001',null,null,'systemsetup0',null,'系统设置0','0',null,null);
Insert into WATER.WATER_CATEGORY (ID,ABBREVIATION,CATEGORYTYPE,CODE,IMGSRC,NAME,PARENTID,STATUS,URL) values ('4EE38761F12E11E2BF63E4517F000001',null,null,'systemsetup1',null,'系统设置1','0',null,null);
Insert into WATER.WATER_CATEGORY (ID,ABBREVIATION,CATEGORYTYPE,CODE,IMGSRC,NAME,PARENTID,STATUS,URL) values ('4EE694A0F12E11E2BF63E4517F000001',null,null,'systemsetup2',null,'系统设置2','0',null,null);
Insert into WATER.WATER_CATEGORY (ID,ABBREVIATION,CATEGORYTYPE,CODE,IMGSRC,NAME,PARENTID,STATUS,URL) values ('4EE81B41F12E11E2BF63E4517F000001',null,null,'systemsetup3',null,'系统设置3','0',null,null);
Insert into WATER.WATER_CATEGORY (ID,ABBREVIATION,CATEGORYTYPE,CODE,IMGSRC,NAME,PARENTID,STATUS,URL) values ('4EE9C8F1F12E11E2BF63E4517F000001',null,null,'systemsetup4',null,'系统设置4','0',null,null);
Insert into WATER.WATER_CATEGORY (ID,ABBREVIATION,CATEGORYTYPE,CODE,IMGSRC,NAME,PARENTID,STATUS,URL) values ('A0588750F14511E2BB3452477F000001',null,null,'zwHGNcsg1V',null,'魇ｆ郾诂尼','4EE81B41F12E11E2BF63E4517F000001',null,null);
Insert into WATER.WATER_CATEGORY (ID,ABBREVIATION,CATEGORYTYPE,CODE,IMGSRC,NAME,PARENTID,STATUS,URL) values ('FE92D7D0F14511E2877C29617F000001',null,null,'WQX0YGytqn',null,'唠蟓副毁座','4ECE78C0F12E11E2BF63E4517F000001',null,null);
Insert into WATER.WATER_CATEGORY (ID,ABBREVIATION,CATEGORYTYPE,CODE,IMGSRC,NAME,PARENTID,STATUS,URL) values ('FFA5CE70F14511E2877C29617F000001',null,null,'pqiWxEh2vB',null,'迮媲ゐ劲Ы','4EE9C8F1F12E11E2BF63E4517F000001',null,null);
Insert into WATER.WATER_CATEGORY (ID,ABBREVIATION,CATEGORYTYPE,CODE,IMGSRC,NAME,PARENTID,STATUS,URL) values ('FFA86680F14511E2877C29617F000001',null,null,'3qU2hIoa35',null,'漩筐活ㄌн','FFA5CE70F14511E2877C29617F000001',null,null);
Insert into WATER.WATER_CATEGORY (ID,ABBREVIATION,CATEGORYTYPE,CODE,IMGSRC,NAME,PARENTID,STATUS,URL) values ('FFAA1430F14511E2877C29617F000001',null,null,'A6TBvC3I4a',null,'辋农晃铖店','4EE9C8F1F12E11E2BF63E4517F000001',null,null);
Insert into WATER.WATER_CATEGORY (ID,ABBREVIATION,CATEGORYTYPE,CODE,IMGSRC,NAME,PARENTID,STATUS,URL) values ('FFAB9AD0F14511E2877C29617F000001',null,null,'ow5xWFM6UD',null,'晗穸科ソ锡','4EE38761F12E11E2BF63E4517F000001',null,null);
Insert into WATER.WATER_CATEGORY (ID,ABBREVIATION,CATEGORYTYPE,CODE,IMGSRC,NAME,PARENTID,STATUS,URL) values ('FFAD4880F14511E2877C29617F000001',null,null,'kitXkBNhRV',null,'悻奔蔫胰她','4ECE78C0F12E11E2BF63E4517F000001',null,null);
Insert into WATER.WATER_CATEGORY (ID,ABBREVIATION,CATEGORYTYPE,CODE,IMGSRC,NAME,PARENTID,STATUS,URL) values ('FFAF1D40F14511E2877C29617F000001',null,null,'o6Esv6E7kG',null,'署莽元穴阱','FFAB9AD0F14511E2877C29617F000001',null,null);
Insert into WATER.WATER_CATEGORY (ID,ABBREVIATION,CATEGORYTYPE,CODE,IMGSRC,NAME,PARENTID,STATUS,URL) values ('FFB278A0F14511E2877C29617F000001',null,null,'cIpLcPc0Wr',null,'稗塑贤缆虑','4EE38761F12E11E2BF63E4517F000001',null,null);
Insert into WATER.WATER_CATEGORY (ID,ABBREVIATION,CATEGORYTYPE,CODE,IMGSRC,NAME,PARENTID,STATUS,URL) values ('165E26D0F14611E2B14F36817F000001',null,null,'NgrmKUjp42',null,'诲罄余鏊艺','4EE38761F12E11E2BF63E4517F000001',null,null);
Insert into WATER.WATER_CATEGORY (ID,ABBREVIATION,CATEGORYTYPE,CODE,IMGSRC,NAME,PARENTID,STATUS,URL) values ('167901D0F14611E2B14F36817F000001',null,null,'AjOjZZcCUH',null,'甍汴凰煺蹭','165E26D0F14611E2B14F36817F000001',null,null);
Insert into WATER.WATER_CATEGORY (ID,ABBREVIATION,CATEGORYTYPE,CODE,IMGSRC,NAME,PARENTID,STATUS,URL) values ('167B72D0F14611E2B14F36817F000001',null,null,'aTFmB72ASS',null,'勰缇怖翳磬','4ECE78C0F12E11E2BF63E4517F000001',null,null);
Insert into WATER.WATER_CATEGORY (ID,ABBREVIATION,CATEGORYTYPE,CODE,IMGSRC,NAME,PARENTID,STATUS,URL) values ('167D2080F14611E2B14F36817F000001',null,null,'enptI3nSGg',null,'涝茕蕹窠涡','4ECE78C0F12E11E2BF63E4517F000001',null,null);
Insert into WATER.WATER_CATEGORY (ID,ABBREVIATION,CATEGORYTYPE,CODE,IMGSRC,NAME,PARENTID,STATUS,URL) values ('167ECE30F14611E2B14F36817F000001',null,null,'4qVDWVvOQR',null,'毁喀氧Ｕ蠕','167901D0F14611E2B14F36817F000001',null,null);
Insert into WATER.WATER_CATEGORY (ID,ABBREVIATION,CATEGORYTYPE,CODE,IMGSRC,NAME,PARENTID,STATUS,URL) values ('16807BE0F14611E2B14F36817F000001',null,null,'2Rw9ipQYD8',null,'璨铳秣犬唬','4EE694A0F12E11E2BF63E4517F000001',null,null);
Insert into WATER.WATER_CATEGORY (ID,ABBREVIATION,CATEGORYTYPE,CODE,IMGSRC,NAME,PARENTID,STATUS,URL) values ('654CAF80F14811E2B5E7A8547F000001',null,null,'Oo9i1grhoa',null,'差漪禁牟毛','4EE9C8F1F12E11E2BF63E4517F000001',null,null);
Insert into WATER.WATER_CATEGORY (ID,ABBREVIATION,CATEGORYTYPE,CODE,IMGSRC,NAME,PARENTID,STATUS,URL) values ('654E5D30F14811E2B5E7A8547F000001',null,null,'nDQjnjzW8M',null,'嗯厚霪な谏','FFA86680F14511E2877C29617F000001',null,null);
Insert into WATER.WATER_CATEGORY (ID,ABBREVIATION,CATEGORYTYPE,CODE,IMGSRC,NAME,PARENTID,STATUS,URL) values ('655031F0F14811E2B5E7A8547F000001',null,null,'S2kYvvlstm',null,'皿鳐鹕僬暮','165E26D0F14611E2B14F36817F000001',null,null);
Insert into WATER.WATER_CATEGORY (ID,ABBREVIATION,CATEGORYTYPE,CODE,IMGSRC,NAME,PARENTID,STATUS,URL) values ('65538D50F14811E2B5E7A8547F000001',null,null,'a8smKmr1TS',null,'鹾噘掀滴绰','4EE81B41F12E11E2BF63E4517F000001',null,null);
Insert into WATER.WATER_CATEGORY (ID,ABBREVIATION,CATEGORYTYPE,CODE,IMGSRC,NAME,PARENTID,STATUS,URL) values ('65556210F14811E2B5E7A8547F000001',null,null,'A8ICocO7kj',null,'锆舐铉左骝','165E26D0F14611E2B14F36817F000001',null,null);
Insert into WATER.WATER_CATEGORY (ID,ABBREVIATION,CATEGORYTYPE,CODE,IMGSRC,NAME,PARENTID,STATUS,URL) values ('A2386380F14811E2A0FED7107F000001',null,null,'e3tabZE7qc',null,'毯奔扬槌冗','16807BE0F14611E2B14F36817F000001',null,null);
Insert into WATER.WATER_CATEGORY (ID,ABBREVIATION,CATEGORYTYPE,CODE,IMGSRC,NAME,PARENTID,STATUS,URL) values ('A2503140F14811E2A0FED7107F000001',null,null,'onkKSVKtOJ',null,'咳疔吹爸沱','4EE9C8F1F12E11E2BF63E4517F000001',null,null);
Insert into WATER.WATER_CATEGORY (ID,ABBREVIATION,CATEGORYTYPE,CODE,IMGSRC,NAME,PARENTID,STATUS,URL) values ('A252C950F14811E2A0FED7107F000001',null,null,'SO327HLEzp',null,'捶客芹蝓灏','165E26D0F14611E2B14F36817F000001',null,null);
Insert into WATER.WATER_CATEGORY (ID,ABBREVIATION,CATEGORYTYPE,CODE,IMGSRC,NAME,PARENTID,STATUS,URL) values ('A2544FF0F14811E2A0FED7107F000001',null,null,'3OWfnD8J9Q',null,'芯ㄚ涡蜒燮','4EE694A0F12E11E2BF63E4517F000001',null,null);
Insert into WATER.WATER_CATEGORY (ID,ABBREVIATION,CATEGORYTYPE,CODE,IMGSRC,NAME,PARENTID,STATUS,URL) values ('A255FDA0F14811E2A0FED7107F000001',null,null,'l36kLHD0Rj',null,'篌蜩薤埏屡','4EE81B41F12E11E2BF63E4517F000001',null,null);
Insert into WATER.WATER_CATEGORY (ID,ABBREVIATION,CATEGORYTYPE,CODE,IMGSRC,NAME,PARENTID,STATUS,URL) values ('A257D260F14811E2A0FED7107F000001',null,null,'R2jOzCYpFh',null,'佚⒊蹴姚廒','FFA5CE70F14511E2877C29617F000001',null,null);
Insert into WATER.WATER_CATEGORY (ID,ABBREVIATION,CATEGORYTYPE,CODE,IMGSRC,NAME,PARENTID,STATUS,URL) values ('A2595900F14811E2A0FED7107F000001',null,null,'wfuExVLaYm',null,'错咨剞窑泛','FFA86680F14511E2877C29617F000001',null,null);
Insert into WATER.WATER_CATEGORY (ID,ABBREVIATION,CATEGORYTYPE,CODE,IMGSRC,NAME,PARENTID,STATUS,URL) values ('A25B06B0F14811E2A0FED7107F000001',null,null,'zLvsMaZiwa',null,'¤ゆ债忪冥','A252C950F14811E2A0FED7107F000001',null,null);
Insert into WATER.WATER_CATEGORY (ID,ABBREVIATION,CATEGORYTYPE,CODE,IMGSRC,NAME,PARENTID,STATUS,URL) values ('A25CDB70F14811E2A0FED7107F000001',null,null,'Usc9339VsR',null,'发书悌┖悔','A255FDA0F14811E2A0FED7107F000001',null,null);
Insert into WATER.WATER_CATEGORY (ID,ABBREVIATION,CATEGORYTYPE,CODE,IMGSRC,NAME,PARENTID,STATUS,URL) values ('A25E8920F14811E2A0FED7107F000001',null,null,'NEKNo7XXC7',null,'沿兹忙碱评','165E26D0F14611E2B14F36817F000001',null,null);
Insert into WATER.WATER_CATEGORY (ID,ABBREVIATION,CATEGORYTYPE,CODE,IMGSRC,NAME,PARENTID,STATUS,URL) values ('A26E4090F14811E2A0FED7107F000001',null,null,'7pruLMRAnV',null,'卵辁徜赳崔','A25B06B0F14811E2A0FED7107F000001',null,null);
Insert into WATER.WATER_CATEGORY (ID,ABBREVIATION,CATEGORYTYPE,CODE,IMGSRC,NAME,PARENTID,STATUS,URL) values ('A27126C0F14811E2A0FED7107F000001',null,null,'rhXNf3ok3W',null,'逆搴抽茱摇','FFA86680F14511E2877C29617F000001',null,null);
Insert into WATER.WATER_CATEGORY (ID,ABBREVIATION,CATEGORYTYPE,CODE,IMGSRC,NAME,PARENTID,STATUS,URL) values ('A272D470F14811E2A0FED7107F000001',null,null,'ANKnkIxvwE',null,'氪悝平渖犴','4EE9C8F1F12E11E2BF63E4517F000001',null,null);
Insert into WATER.WATER_CATEGORY (ID,ABBREVIATION,CATEGORYTYPE,CODE,IMGSRC,NAME,PARENTID,STATUS,URL) values ('A2748220F14811E2A0FED7107F000001',null,null,'WDrOhtX4a0',null,'よ搛戒呛验','4EE694A0F12E11E2BF63E4517F000001',null,null);
Insert into WATER.WATER_CATEGORY (ID,ABBREVIATION,CATEGORYTYPE,CODE,IMGSRC,NAME,PARENTID,STATUS,URL) values ('652DDCE0F14811E2B5E7A8547F000001',null,null,'5SlnOIGcgD',null,'冥浈珈砾馓','4EE81B41F12E11E2BF63E4517F000001',null,null);
Insert into WATER.WATER_CATEGORY (ID,ABBREVIATION,CATEGORYTYPE,CODE,IMGSRC,NAME,PARENTID,STATUS,URL) values ('654A3E80F14811E2B5E7A8547F000001',null,null,'K3YGzjpdCy',null,'酴樵陇そ徜','4EE81B41F12E11E2BF63E4517F000001',null,null);
--菜单end

--菜单授权
Insert into WATER.AUTH_ACCOUNT_CATEGORY (AUTH_ACCOUNT_ID,CATEGORIES_ID) values ('4EE9C8F0F12E11E2BF63E4517F000001','4ECE78C0F12E11E2BF63E4517F000001');
Insert into WATER.AUTH_ACCOUNT_CATEGORY (AUTH_ACCOUNT_ID,CATEGORIES_ID) values ('4EE9C8F0F12E11E2BF63E4517F000001','4EE38761F12E11E2BF63E4517F000001');
Insert into WATER.AUTH_ACCOUNT_CATEGORY (AUTH_ACCOUNT_ID,CATEGORIES_ID) values ('4EE9C8F0F12E11E2BF63E4517F000001','4EE694A0F12E11E2BF63E4517F000001');
Insert into WATER.AUTH_ACCOUNT_CATEGORY (AUTH_ACCOUNT_ID,CATEGORIES_ID) values ('4EE9C8F0F12E11E2BF63E4517F000001','4EE81B41F12E11E2BF63E4517F000001');
Insert into WATER.AUTH_ACCOUNT_CATEGORY (AUTH_ACCOUNT_ID,CATEGORIES_ID) values ('4EE9C8F0F12E11E2BF63E4517F000001','4EE9C8F1F12E11E2BF63E4517F000001');
Insert into WATER.AUTH_ACCOUNT_CATEGORY (AUTH_ACCOUNT_ID,CATEGORIES_ID) values ('4EE9C8F0F12E11E2BF63E4517F000001','A0588750F14511E2BB3452477F000001');
Insert into WATER.AUTH_ACCOUNT_CATEGORY (AUTH_ACCOUNT_ID,CATEGORIES_ID) values ('4EE9C8F0F12E11E2BF63E4517F000001','FE92D7D0F14511E2877C29617F000001');
Insert into WATER.AUTH_ACCOUNT_CATEGORY (AUTH_ACCOUNT_ID,CATEGORIES_ID) values ('4EE9C8F0F12E11E2BF63E4517F000001','FFA5CE70F14511E2877C29617F000001');
Insert into WATER.AUTH_ACCOUNT_CATEGORY (AUTH_ACCOUNT_ID,CATEGORIES_ID) values ('4EE9C8F0F12E11E2BF63E4517F000001','FFA86680F14511E2877C29617F000001');
Insert into WATER.AUTH_ACCOUNT_CATEGORY (AUTH_ACCOUNT_ID,CATEGORIES_ID) values ('4EE9C8F0F12E11E2BF63E4517F000001','FFAA1430F14511E2877C29617F000001');
Insert into WATER.AUTH_ACCOUNT_CATEGORY (AUTH_ACCOUNT_ID,CATEGORIES_ID) values ('4EE9C8F0F12E11E2BF63E4517F000001','FFAB9AD0F14511E2877C29617F000001');
Insert into WATER.AUTH_ACCOUNT_CATEGORY (AUTH_ACCOUNT_ID,CATEGORIES_ID) values ('4EE9C8F0F12E11E2BF63E4517F000001','FFAD4880F14511E2877C29617F000001');
Insert into WATER.AUTH_ACCOUNT_CATEGORY (AUTH_ACCOUNT_ID,CATEGORIES_ID) values ('4EE9C8F0F12E11E2BF63E4517F000001','FFAF1D40F14511E2877C29617F000001');
Insert into WATER.AUTH_ACCOUNT_CATEGORY (AUTH_ACCOUNT_ID,CATEGORIES_ID) values ('4EE9C8F0F12E11E2BF63E4517F000001','FFB278A0F14511E2877C29617F000001');
Insert into WATER.AUTH_ACCOUNT_CATEGORY (AUTH_ACCOUNT_ID,CATEGORIES_ID) values ('4EE9C8F0F12E11E2BF63E4517F000001','165E26D0F14611E2B14F36817F000001');
Insert into WATER.AUTH_ACCOUNT_CATEGORY (AUTH_ACCOUNT_ID,CATEGORIES_ID) values ('4EE9C8F0F12E11E2BF63E4517F000001','167901D0F14611E2B14F36817F000001');
Insert into WATER.AUTH_ACCOUNT_CATEGORY (AUTH_ACCOUNT_ID,CATEGORIES_ID) values ('4EE9C8F0F12E11E2BF63E4517F000001','167B72D0F14611E2B14F36817F000001');
Insert into WATER.AUTH_ACCOUNT_CATEGORY (AUTH_ACCOUNT_ID,CATEGORIES_ID) values ('4EE9C8F0F12E11E2BF63E4517F000001','167D2080F14611E2B14F36817F000001');
Insert into WATER.AUTH_ACCOUNT_CATEGORY (AUTH_ACCOUNT_ID,CATEGORIES_ID) values ('4EE9C8F0F12E11E2BF63E4517F000001','167ECE30F14611E2B14F36817F000001');
Insert into WATER.AUTH_ACCOUNT_CATEGORY (AUTH_ACCOUNT_ID,CATEGORIES_ID) values ('4EE9C8F0F12E11E2BF63E4517F000001','16807BE0F14611E2B14F36817F000001');
Insert into WATER.AUTH_ACCOUNT_CATEGORY (AUTH_ACCOUNT_ID,CATEGORIES_ID) values ('4EE9C8F0F12E11E2BF63E4517F000001','654CAF80F14811E2B5E7A8547F000001');
Insert into WATER.AUTH_ACCOUNT_CATEGORY (AUTH_ACCOUNT_ID,CATEGORIES_ID) values ('4EE9C8F0F12E11E2BF63E4517F000001','654E5D30F14811E2B5E7A8547F000001');
Insert into WATER.AUTH_ACCOUNT_CATEGORY (AUTH_ACCOUNT_ID,CATEGORIES_ID) values ('4EE9C8F0F12E11E2BF63E4517F000001','655031F0F14811E2B5E7A8547F000001');
Insert into WATER.AUTH_ACCOUNT_CATEGORY (AUTH_ACCOUNT_ID,CATEGORIES_ID) values ('4EE9C8F0F12E11E2BF63E4517F000001','65538D50F14811E2B5E7A8547F000001');
Insert into WATER.AUTH_ACCOUNT_CATEGORY (AUTH_ACCOUNT_ID,CATEGORIES_ID) values ('4EE9C8F0F12E11E2BF63E4517F000001','65556210F14811E2B5E7A8547F000001');
Insert into WATER.AUTH_ACCOUNT_CATEGORY (AUTH_ACCOUNT_ID,CATEGORIES_ID) values ('4EE9C8F0F12E11E2BF63E4517F000001','A2386380F14811E2A0FED7107F000001');
Insert into WATER.AUTH_ACCOUNT_CATEGORY (AUTH_ACCOUNT_ID,CATEGORIES_ID) values ('4EE9C8F0F12E11E2BF63E4517F000001','A2503140F14811E2A0FED7107F000001');
Insert into WATER.AUTH_ACCOUNT_CATEGORY (AUTH_ACCOUNT_ID,CATEGORIES_ID) values ('4EE9C8F0F12E11E2BF63E4517F000001','A252C950F14811E2A0FED7107F000001');
Insert into WATER.AUTH_ACCOUNT_CATEGORY (AUTH_ACCOUNT_ID,CATEGORIES_ID) values ('4EE9C8F0F12E11E2BF63E4517F000001','A2544FF0F14811E2A0FED7107F000001');
Insert into WATER.AUTH_ACCOUNT_CATEGORY (AUTH_ACCOUNT_ID,CATEGORIES_ID) values ('4EE9C8F0F12E11E2BF63E4517F000001','A255FDA0F14811E2A0FED7107F000001');
Insert into WATER.AUTH_ACCOUNT_CATEGORY (AUTH_ACCOUNT_ID,CATEGORIES_ID) values ('4EE9C8F0F12E11E2BF63E4517F000001','A257D260F14811E2A0FED7107F000001');
Insert into WATER.AUTH_ACCOUNT_CATEGORY (AUTH_ACCOUNT_ID,CATEGORIES_ID) values ('4EE9C8F0F12E11E2BF63E4517F000001','A2595900F14811E2A0FED7107F000001');
Insert into WATER.AUTH_ACCOUNT_CATEGORY (AUTH_ACCOUNT_ID,CATEGORIES_ID) values ('4EE9C8F0F12E11E2BF63E4517F000001','A25B06B0F14811E2A0FED7107F000001');
Insert into WATER.AUTH_ACCOUNT_CATEGORY (AUTH_ACCOUNT_ID,CATEGORIES_ID) values ('4EE9C8F0F12E11E2BF63E4517F000001','A25CDB70F14811E2A0FED7107F000001');
Insert into WATER.AUTH_ACCOUNT_CATEGORY (AUTH_ACCOUNT_ID,CATEGORIES_ID) values ('4EE9C8F0F12E11E2BF63E4517F000001','A25E8920F14811E2A0FED7107F000001');
Insert into WATER.AUTH_ACCOUNT_CATEGORY (AUTH_ACCOUNT_ID,CATEGORIES_ID) values ('4EE9C8F0F12E11E2BF63E4517F000001','A26E4090F14811E2A0FED7107F000001');
Insert into WATER.AUTH_ACCOUNT_CATEGORY (AUTH_ACCOUNT_ID,CATEGORIES_ID) values ('4EE9C8F0F12E11E2BF63E4517F000001','A27126C0F14811E2A0FED7107F000001');
Insert into WATER.AUTH_ACCOUNT_CATEGORY (AUTH_ACCOUNT_ID,CATEGORIES_ID) values ('4EE9C8F0F12E11E2BF63E4517F000001','A272D470F14811E2A0FED7107F000001');
Insert into WATER.AUTH_ACCOUNT_CATEGORY (AUTH_ACCOUNT_ID,CATEGORIES_ID) values ('4EE9C8F0F12E11E2BF63E4517F000001','A2748220F14811E2A0FED7107F000001');
Insert into WATER.AUTH_ACCOUNT_CATEGORY (AUTH_ACCOUNT_ID,CATEGORIES_ID) values ('4EE9C8F0F12E11E2BF63E4517F000001','652DDCE0F14811E2B5E7A8547F000001');
Insert into WATER.AUTH_ACCOUNT_CATEGORY (AUTH_ACCOUNT_ID,CATEGORIES_ID) values ('4EE9C8F0F12E11E2BF63E4517F000001','654A3E80F14811E2B5E7A8547F000001');
--菜单授权end